# Cristino, A. F.; Rosa, S.; Morgado, P.; Galindo, A.; Filipe, E. J. M.; Palavra, A. M. F.; Nieto de Castro, C. A.
# Fluid Phase Equilib. 341 (2013) 48-53, doi:10.1016/j.fluid.2012.12.014 (T, P, x, y; 76 pontos, etanol/agua)
# Obtido do NIST/TRC ThermoML Archive (doi:10.18434/mds2-2422; Riccardi et al., J. Comput. Chem. 43, 879, 2022), dados publicos.
# Extraidos pelo TRC, NAO avaliados criticamente. x e y = fracao molar do ETANOL (componente 1 no app). T nominal de cada isoterma em K.
T_K,P_kPa,x_etanol,y_etanol
363.3,125.7,0.1601,0.4717
363.3,137.5,0.2791,0.5328
363.3,143.3,0.3696,0.581
363.3,144.4,0.3963,0.5787
363.3,144,0.3993,0.5784
363.3,144.4,0.4223,0.5971
363.3,146,0.4261,0.6157
363.3,147.8,0.4722,0.6061
363.3,155.4,0.6363,0.7076
363.3,156.1,0.7085,0.7468
363.3,158.9,0.7923,0.8101
363.3,157.6,0.9973,0.9971
381.4,156.1,0.0172,0.1495
381.4,183,0.043,0.2713
381.4,192.7,0.0563,0.3314
381.4,234.8,0.1592,0.4736
381.4,252,0.2643,0.5375
381.4,256.1,0.2894,0.561
381.4,265.8,0.3585,0.5664
381.4,265.8,0.3618,0.5687
381.4,269.9,0.4173,0.5925
381.4,271.1,0.4215,0.5886
381.4,270.4,0.4256,0.5979
381.4,271.5,0.4271,0.5979
381.4,271.6,0.4367,0.5977
381.4,273.5,0.4371,0.6017
381.4,274,0.4404,0.6092
381.4,275,0.4535,0.6144
381.4,275.2,0.4587,0.6198
381.4,276.1,0.4771,0.6119
381.4,279.9,0.4974,0.6294
381.4,280.6,0.5015,0.6312
381.4,282.7,0.5333,0.6526
381.4,283,0.5389,0.6491
381.4,287.8,0.6382,0.7024
381.4,290.6,0.7099,0.7371
381.4,295.4,0.7938,0.8089
381.4,288.4,0.9967,0.9977
403.5,361.5,0.0431,0.2594
403.5,453.1,0.145,0.4336
403.5,501.9,0.2971,0.5298
403.5,521.8,0.3778,0.5628
403.5,532.2,0.4679,0.6041
403.5,563.1,0.638,0.701
403.5,566.5,0.7067,0.7404
403.5,576.1,0.7953,0.8059
403.5,536,0.9991,0.9994
423.2,808.2,0.1803,0.449
423.2,826.7,0.229,0.4867
423.2,823.3,0.2292,0.4704
423.2,828.8,0.2296,0.4919
423.2,836.3,0.2505,0.4799
423.2,861,0.3141,0.5252
423.2,862.4,0.315,0.525
423.2,873.7,0.3399,0.5301
423.2,886.7,0.3702,0.5453
423.2,886.4,0.3712,0.5457
423.2,890.1,0.3941,0.5572
423.2,918.3,0.4564,0.5952
423.2,919,0.4598,0.5947
423.2,923.1,0.491,0.6068
423.2,923.8,0.4913,0.6063
423.2,967.4,0.9983,0.9993
423.7,532.8,0.0137,0.11
423.7,582.5,0.0256,0.2017
423.7,622.9,0.0415,0.239
423.7,629.7,0.0427,0.2587
423.7,760.8,0.1204,0.4009
423.7,845.9,0.2507,0.4881
423.7,855,0.2825,0.4975
423.7,898.7,0.3926,0.5603
423.7,948.8,0.5669,0.643
423.7,964.6,0.6417,0.696
423.7,972.1,0.7094,0.739
423.7,987.9,0.7947,0.8071
423.7,986.3,0.998,0.9981
