# Feng, C.; Dong, J.; Li, Y. "Isothermal vapor-liquid equilibria for methanol and 2,3-dimethyl-2-butene at 343.15 K, 353.15 K, 363.15 K, 373.15 K"
# Fluid Phase Equilib. 309 (2011) 201-205, doi:10.1016/j.fluid.2011.07.014 (T, P, x, y; 4 isotermas, 85 pontos)
# Obtido do NIST/TRC ThermoML Archive (doi:10.18434/mds2-2422; Riccardi et al., J. Comput. Chem. 43, 879, 2022), dados publicos.
# Extraidos pelo TRC, NAO avaliados criticamente. x e y = fracao molar do METANOL (componente 1 no app); componente 2 = 2,3-dimetil-2-buteno.
# Azeotropo de pressao maxima (minimo ponto de ebulicao) em x1 ~ 0,58-0,63. T nominal de cada isoterma em K; P em kPa.
T_K,P_kPa,x_metanol,y_metanol
343.15,91.5,0,0
343.15,155.5,0.068,0.419
343.15,169.5,0.109,0.473
343.15,181.2,0.183,0.519
343.15,186.4,0.253,0.543
343.15,189.3,0.326,0.549
343.15,190,0.416,0.559
343.15,190.3,0.433,0.56
343.15,190.8,0.448,0.562
343.15,191.2,0.528,0.57
343.15,191.4,0.605,0.578
343.15,191.1,0.621,0.58
343.15,190.4,0.652,0.583
343.15,190.3,0.659,0.584
343.15,189.3,0.739,0.593
343.15,185.4,0.81,0.616
343.15,182.9,0.852,0.638
343.15,175.3,0.898,0.677
343.15,161.1,0.948,0.759
343.15,153.1,0.964,0.807
343.15,150.8,0.969,0.826
343.15,125.3,1,1
353.15,124.8,0,0
353.15,216.7,0.079,0.434
353.15,242.8,0.143,0.505
353.15,253.8,0.205,0.537
353.15,263.7,0.333,0.568
353.15,266.1,0.409,0.578
353.15,266.4,0.423,0.579
353.15,267.4,0.429,0.58
353.15,268.1,0.578,0.594
353.15,268.3,0.611,0.598
353.15,268.1,0.624,0.601
353.15,267.3,0.665,0.607
353.15,266.3,0.668,0.607
353.15,265.2,0.742,0.617
353.15,254.1,0.874,0.662
353.15,245.5,0.91,0.694
353.15,231.9,0.944,0.746
353.15,196.1,0.989,0.912
353.15,180.9,1,1
363.15,166.9,0,0
363.15,283.8,0.073,0.419
363.15,298.6,0.092,0.454
363.15,323,0.133,0.501
363.15,342.6,0.192,0.538
363.15,354,0.26,0.561
363.15,364.5,0.379,0.585
363.15,365.6,0.41,0.589
363.15,366.2,0.427,0.591
363.15,369.4,0.573,0.606
363.15,369.5,0.612,0.612
363.15,368.3,0.628,0.618
363.15,367.9,0.677,0.623
363.15,367.1,0.744,0.635
363.15,360.1,0.834,0.661
363.15,348.9,0.883,0.687
363.15,343.1,0.906,0.708
363.15,299.4,0.971,0.839
363.15,284.1,0.983,0.889
363.15,265.2,0.995,0.96
363.15,255.5,1,1
373.15,219.2,0,0
373.15,343.8,0.055,0.367
373.15,407.5,0.11,0.474
373.15,447.9,0.174,0.53
373.15,471.1,0.248,0.564
373.15,488.6,0.361,0.593
373.15,490.2,0.385,0.594
373.15,492.3,0.405,0.597
373.15,496.5,0.497,0.614
373.15,497.8,0.566,0.614
373.15,498.9,0.611,0.624
373.15,498.3,0.63,0.626
373.15,497.8,0.686,0.633
373.15,496.1,0.749,0.648
373.15,488,0.824,0.669
373.15,472.4,0.885,0.703
373.15,460.3,0.916,0.732
373.15,453.6,0.926,0.749
373.15,447.8,0.933,0.767
373.15,415.9,0.966,0.835
373.15,400.9,0.977,0.873
373.15,387.1,0.985,0.907
373.15,353.6,1,1
